CREATE DATABASE TheaterDB

use TheaterDB

CREATE TABLE Shows (
    ShowId INT NOT NULL IDENTITY,
    Title NVARCHAR(MAX) NULL, 
    Author NVARCHAR(MAX) NULL,
    Director NVARCHAR(MAX) NULL,
    Genre NVARCHAR(MAX) NULL,
    Age INT NOT NULL,
    Date DATETIME2 NOT NULL,
    Length NVARCHAR(MAX) NULL,
    Price decimal(18,2) NOT NULL,
    Poster NVARCHAR(MAX) NULL,
    Banner NVARCHAR(MAX) NULL,
    Scene NVARCHAR(MAX) NULL,
    Overview NVARCHAR(MAX) NULL,
    CONSTRAINT [PK_Shows] PRIMARY KEY ([ShowId])
);

CREATE TABLE Users (
    UserId INT IDENTITY,
    UserName NVARCHAR(MAX),
    UserLastname NVARCHAR(MAX),
    Email NVARCHAR(MAX),
    Password NVARCHAR(MAX),
    PhoneNumber NVARCHAR(MAX),
    IsAdmin BIT,
    CONSTRAINT [PK_Users] PRIMARY KEY ([UserId])
);

CREATE TABLE Sessions (
    SessionId INT NOT NULL IDENTITY,
    Hour NVARCHAR(MAX) NULL,
    TotalSeats INT NOT NULL,
    Notes NVARCHAR(MAX) NULL,
    ShowId INT NOT NULL,
    Title NVARCHAR(MAX) NULL,
    Poster NVARCHAR(MAX) NULL,
    Date DATETIME2 NOT NULL,
    CONSTRAINT [PK_Sessions] PRIMARY KEY ([SessionId])
);

INSERT INTO Shows (Title, Author, Director, Genre, Age, Date, Length, Price, Poster, Banner, Scene, Overview) VALUES
    ('El Fantasma de la Ópera', 'Gaston Leroux', 'Sara García', 'Musical', 18, '2024-03-18', '2h 30min', 20.99, 'https://storage.kraken.io/ZBONL73pVgSYgrww7BGD/07ae39b53a3acdc8968c013078a84841/p_thephantomoftheopera.jpeg', 'https://storage.kraken.io/ZBONL73pVgSYgrww7BGD/9d9e9eae70cef77f81c68fd38937b695/b_phantom.png', 'https://storage.kraken.io/ZBONL73pVgSYgrww7BGD/2e9ae883a3dc891af2a99b7804ead214/s_phantom.png', 'En la majestuosa Ópera Garnier de París, ''El Fantasma de la Ópera'' despliega una intrigante trama donde la talentosa soprano Christine Daaé se encuentra en medio de un apasionante triángulo amoroso. Entre el enigmático Fantasma, un genio musical desfigurado que la guía desde las sombras, y el apasionado vizconde Raoul de Chagny, la historia explora los límites entre la belleza y la fealdad, la obsesión y la devoción, creando una atmósfera fascinante en el esplendor de la ópera parisina. La narrativa se teje con emociones intensas, llevando al espectador a las profundidades de la pasión humana, la tragedia y el misterio en un escenario donde la música y el amor convergen de manera inolvidable.'),
    ('Macbeth', 'William Shakespeare', 'Carlos Montoya', 'Tragedia', 16, '2024-03-22', '2h 40min', 15.99, 'https://storage.kraken.io/ZBONL73pVgSYgrww7BGD/ea5ad6e8925b91ef21b62088f648314a/p_macbeth.jpeg', 'https://storage.kraken.io/ZBONL73pVgSYgrww7BGD/5d4beb1235f03f615bcdb237230fac91/b_macbeth.png', 'https://storage.kraken.io/ZBONL73pVgSYgrww7BGD/b71739051371095fb33f0c70d6f96de4/s_macbeth.png', 'En los páramos de Escocia, ''Macbeth'' despliega una trama de ambición y traición. La obra sigue al valiente guerrero Macbeth, quien, tras un encuentro con tres brujas proféticas, es tentado por el deseo de poder. Instigado por su esposa, Lady Macbeth, Macbeth asesina al rey Duncan y se sumerge en un oscuro camino de conspiración y asesinato para asegurar su reinado. La historia se sumerge en la psique de Macbeth, donde la ambición y la culpa chocan de manera intensa. Las consecuencias de sus acciones desatan una espiral de violencia y desconfianza, llevándolo a un destino trágico. ''Macbeth'' explora las complejidades del poder, la moral y la corrupción en un oscuro escenario donde las decisiones desencadenan consecuencias irreversibles.'),
    ('Hamlet', 'William Shakespeare', 'Ana Sánchez', 'Musical', 14, '2024-03-26', '2h 15min', 15.99, 'https://storage.kraken.io/ZBONL73pVgSYgrww7BGD/9fbd3ea41e55810ca3336f994d0a48c6/p_hamlet.jpeg', 'https://storage.kraken.io/ZBONL73pVgSYgrww7BGD/d1b5777a32659e0dd7bab2dbde00a8f9/b_hamlet.png', 'https://storage.kraken.io/ZBONL73pVgSYgrww7BGD/9dc454654e21699c2a1033a8a35bf042/s_hamlet.png', 'En el intrigante escenario de la corte danesa, ''Hamlet'' despliega una trama de venganza y dilemas morales. El príncipe Hamlet, sumido en la pena por la muerte de su padre, el rey, descubre un perturbador secreto: su tío Claudio ha usurpado el trono y se ha casado con la madre de Hamlet, la reina Gertrudis. Atormentado por la revelación y la sombra del fantasma de su padre, Hamlet se ve envuelto en una espiral de intriga y desconfianza. La obra explora la compleja psicología de Hamlet mientras navega por las tensiones familiares y la búsqueda de justicia. Las dudas, las reflexiones filosóficas y la tragedia se entrelazan en esta historia llena de engaños y traiciones. ''Hamlet'' lleva al espectador a través de un viaje emocional y reflexivo, explorando la naturaleza de la venganza y las consecuencias de las decisiones tomadas en un entorno palaciego cargado de intrigas y secretos.'),
    ('El Cascanueces', 'Andrew Lloyd Webber', 'Daniela Méndez', 'Ballet', 16, '2024-03-30', '2h 30min', 20.99, 'https://storage.kraken.io/ZBONL73pVgSYgrww7BGD/00c2e3e17214c2efa70d280d78233cd4/p_thenutcracker.jpeg', 'https://storage.kraken.io/ZBONL73pVgSYgrww7BGD/a9591f2ecfd2e4928eb7d3ffd374ca4a/b_thenutcracker.png', 'https://storage.kraken.io/ZBONL73pVgSYgrww7BGD/30711ffe3387c6918b6ca8c35dc0e812/s_thenutcracker.png', 'En un encantador escenario invernal, ''El Cascanueces'' sumerge al público en un mundo de fantasía y magia. La historia comienza durante una celebración navideña en la casa de los Stahlbaum, donde la joven Clara recibe un regalo especial, un cascanueces de madera. En medio de la noche, el Cascanueces cobra vida, y Clara se embarca en una extraordinaria aventura a través de reinos mágicos. La trama se desarrolla en el Reino de los Dulces, gobernado por la Hada de Azúcar, y enfrenta a Clara y al Cascanueces contra el malvado Rey Ratón. A medida que la historia se desenvuelve, se despliega un deslumbrante despliegue de danzas y personajes, desde los exquisitos Copos de Nieve hasta los encantadores Azúcares y Flores. ''El Cascanueces'' captura la imaginación con su encanto, transportando al público a un mundo de sueños donde la magia y la danza se entrelazan en una celebración inolvidable de la fantasía navideña.'),
    ('Divina Comedia', 'Dante Alighieri', 'Luis Rosa', 'Drama', 18, '2024-04-06', '2h 30min', 14.99, 'https://storage.kraken.io/ZBONL73pVgSYgrww7BGD/1676a101744ff32be3d11e5fb3b8615b/p_thedivinecomedy.jpeg', 'https://storage.kraken.io/ZBONL73pVgSYgrww7BGD/f7ec4aaaeafb30de8db7aa06bf7ac08e/b_thedivinecomedy.png', 'https://storage.kraken.io/ZBONL73pVgSYgrww7BGD/0bf9e00dde5f4fb94bf5044d2d1bbab5/s_thedivinecomedy.png', 'En los oscuros confines del Infierno hasta las alturas celestiales del Paraíso, ''La Divina Comedia'' de Dante Alighieri es un viaje épico a través de los reinos de ultratumba. La trama sigue al poeta Dante, quien se encuentra perdido en un bosque oscuro y es guiado por el espíritu de Virgilio a través de los nueve círculos del Infierno. En este viaje, Dante encuentra a figuras históricas y mitológicas, cada una castigada por sus pecados de acuerdo con la justicia divina. A medida que Dante asciende desde el Infierno, atraviesa el monte del Purgatorio, donde las almas buscan la redención. Finalmente, alcanza el Paraíso, donde su amada Beatriz lo conduce a través de los cielos, revelando los misterios divinos. ''La Divina Comedia'' explora la teología, la moral y la redención, ofreciendo una visión poética y filosófica de la vida humana y la relación con lo divino en un viaje que trasciende los límites terrenales hacia las profundidades del alma y la eternidad.'),
    ('Edipo Rey', 'Sófocles', 'Rafael López', 'Tragedia', 16, '2024-04-07', '2h 45min', 19.99, 'https://storage.kraken.io/ZBONL73pVgSYgrww7BGD/5db151c70121f5c2f80eb198ebdbba0d/p_oedipustheking.jpeg', 'https://storage.kraken.io/ZBONL73pVgSYgrww7BGD/3522ef62c7f67a3afaf83d6fcb911fe2/b_oedipustheking.png', 'https://storage.kraken.io/ZBONL73pVgSYgrww7BGD/aea6c90f198b4f0ffd7276238c2b44c1/s_oedipustheking.png', 'En la ciudad de Tebas, ''Edipo Rey'' de Sófocles narra una tragedia impactante que sigue la vida del rey Edipo. La historia comienza con la ciudad asolada por la peste, y Edipo, decidido a encontrar la causa de esta calamidad, inicia una investigación que revela oscuros secretos. Edipo descubre que es el culpable involuntario del incesto y el parricidio, eventos predichos por el oráculo mucho tiempo atrás. El protagonista, ignorante de su linaje, se enfrenta a la dolorosa verdad de su destino trágico. La obra explora temas como el libre albedrío, el destino y la ceguera frente a la verdad, llevando a la audiencia a través de una emocionante travesía psicológica mientras Edipo lucha contra las inevitables consecuencias de su propio desconocimiento y las decisiones de aquellos que lo precedieron.'),
    ('Romeo y Julieta', 'William Shakespeare', 'Marta Váldez', 'Tragedia', 16, '2024-04-10', '2h 30min', 9.99, 'https://storage.kraken.io/ZBONL73pVgSYgrww7BGD/acb9c14cc16797b00208ce227ee172f3/p_romeoandjuliet.jpeg', 'https://storage.kraken.io/ZBONL73pVgSYgrww7BGD/e294cda3a370b5deea4fafd69e3466f9/b_romeoandjuliet.png', 'https://storage.kraken.io/ZBONL73pVgSYgrww7BGD/29162ffd1bcd89c987c503a344307960/s_romeoandjuliet.png', 'En la vibrante ciudad de Verona, ''Romeo y Julieta'' de William Shakespeare relata un apasionado y trágico romance entre dos jóvenes de familias enemistadas, los Montesco y los Capuleto. La historia se inicia con un encuentro fortuito en una fiesta, donde los jóvenes enamorados, Romeo y Julieta, se ven irresistiblemente atraídos el uno al otro. A pesar de las tensiones familiares, deciden casarse en secreto, desencadenando una serie de eventos fatídicos. Los desafíos que enfrentan por el odio ancestral entre sus casas culminan en un desenlace desgarrador. ''Romeo y Julieta'' explora la intensidad del amor juvenil, la imprudencia de la pasión y las consecuencias trágicas que pueden surgir cuando el destino se interpone en el camino del amor verdadero. La obra de Shakespeare sigue siendo un testamento atemporal del poder del amor y las trágicas consecuencias de la enemistad desmedida.'),
    ('Camelot', 'Alan Jay Lerner', 'Domingo Gómez', 'Musical', 14, '2024-04-13', '1h 50min', 29.99, 'https://storage.kraken.io/ZBONL73pVgSYgrww7BGD/a46e3f593a2193f455774a22b1f54ce3/p_camelot.jpeg', 'https://storage.kraken.io/ZBONL73pVgSYgrww7BGD/a14cf3c7848810881350294b7214a2cd/b_camelot.png', 'https://storage.kraken.io/ZBONL73pVgSYgrww7BGD/6a3b478a11f81621fe65f1db10c92dc8/s_camelot.png', 'En el mágico reino de Camelot, la obra ''Camelot'' de Alan Jay Lerner transporta a los espectadores a un mundo de mitos y nobleza. La trama sigue al legendario Rey Arturo, la reina Ginebra y el apasionado caballero Lanzarote, explorando la fundación utópica de Camelot y los desafíos que surgen cuando un triángulo amoroso amenaza con socavar los nobles ideales del reino. Con una emotiva banda sonora que resalta los momentos de amor y traición, ''Camelot'' se erige como un clásico teatral que captura la eterna lucha entre el deber y el deseo, ofreciendo una mirada atemporal a la fragilidad de los ideales frente a las complejidades del amor y la moral.'),
    ('Las Preciosas Ridículas', 'Molière', 'José Luis Alonso', 'Comedia', 16, '2024-04-18', '1h 30min', 16.99, 'https://storage.kraken.io/ZBONL73pVgSYgrww7BGD/1e9abaa74edce8f90bb2261d89f4f96a/p_ladies.jpeg', 'https://storage.kraken.io/ZBONL73pVgSYgrww7BGD/af886f5ff9d88e8c9d619dfd148427ad/b_ladies.png', 'https://storage.kraken.io/ZBONL73pVgSYgrww7BGD/7b33bf9ff3491b0230df25f7dd7f25ce/s_ladies.png', 'En el animado escenario de la comedia clásica ''Las Preciosas Ridículas'' de Molière, la trama se desenvuelve en la París del siglo XVII, ofreciendo una sátira ingeniosa sobre la afectación y la superficialidad de la sociedad de la época. La obra sigue a las encantadoras pero vanidosas señoritas Magdelón y Cathos, quienes, en su afán por ascender socialmente, se ven envueltas en enredos cómicos. La trama se desata cuando las preciosas creen estar cortejando a dos hombres de alta alcurnia, sin percatarse de la farsa que los caballeros y sus criados han orquestado. Con agudo ingenio y diálogos mordaces, Molière pinta un retrato humorístico de la afectación y la hipocresía social. ''Las Preciosas Ridículas'' se destaca por su agudeza satírica, abordando con destreza las contradicciones humanas mientras ofrece una mirada entretenida y atemporal a las idiosincrasias de la sociedad.'),
    ('La Celestina', 'Fernando de Rojas', 'Macarena Gil', 'Drama', 12, '2024-04-21', '2h 30min', 12.99, 'https://storage.kraken.io/ZBONL73pVgSYgrww7BGD/406d4bad91ab911da6d7728f0f88d24f/p_lacelestina.jpeg', 'https://storage.kraken.io/ZBONL73pVgSYgrww7BGD/292aa53528be96d2eb0c61aee86a59c8/b_lacelestina.png', 'https://storage.kraken.io/ZBONL73pVgSYgrww7BGD/222794f7e04db9953ec35b2668a4fdc5/s_lacelestina.png', 'En el oscuro escenario medieval de ''La Celestina'', la obra maestra trágica de Fernando de Rojas, se despliega un drama que escudriña las complejidades de la pasión, la codicia y el poder. La trama se centra en la historia de Calisto y Melibea, dos jóvenes amantes cuya relación prohibida desencadena una serie de eventos desgarradores. La figura de la astuta Celestina, una alcahueta manipuladora, emerge como el catalizador de la tragedia al utilizar sus artimañas para propiciar encuentros clandestinos. Rojas examina las oscuras facetas del deseo humano y la vulnerabilidad de la moralidad en una sociedad corrupta. Con diálogos intensos y personajes complejos, ''La Celestina'' se erige como una obra inmortal que desentraña las complejidades de la naturaleza humana, destacando la fragilidad de las relaciones y los peligros que surgen cuando la pasión se desborda.'),
    ('Un Marido Ideal', 'Oscar Wilde', 'Pedro Jiménez', 'Comedia', 14, '2024-04-26', '1h 35min', 8.99, 'https://storage.kraken.io/ZBONL73pVgSYgrww7BGD/dab8afc2e4fcd8df3b04255035f8db66/p_anidealhusband.jpeg', 'https://storage.kraken.io/ZBONL73pVgSYgrww7BGD/a786ada47aa8254ff8dfa547babe1cdf/b_anidealhusband.png', 'https://storage.kraken.io/ZBONL73pVgSYgrww7BGD/2004d6a6accf3ba509e0e9679ede962e/s_anidealhusband.png', 'En el elegante mundo de la alta sociedad victoriana, ''Un Marido Ideal'' de Oscar Wilde despliega una comedia satírica que revela las intrigas y secretos ocultos detrás de las fachadas de respetabilidad. La trama sigue al político Sir Robert Chiltern, cuyo prestigio se ve amenazado cuando un oscuro secreto de su pasado es descubierto por la intrigante Mrs. Cheveley. Con su característico ingenio, Wilde teje una trama repleta de diálogos agudos y situaciones cómicas mientras examina la hipocresía y las dobles morales de la sociedad de la época. ''Un Marido Ideal'' ofrece una mirada satírica a la moralidad, la corrupción y la fragilidad de las reputaciones en una sociedad obsesionada por las apariencias. Con personajes inolvidables y giros inesperados, la obra sigue siendo una comedia atemporal que invita a la reflexión sobre la naturaleza humana y la moralidad.'),
    ('La Ratonera', 'Agatha Christie', 'María García', 'Misterio', 10, '2024-05-04', '1h 45min', 8.99, 'https://storage.kraken.io/ZBONL73pVgSYgrww7BGD/fc3a921c4ea328191548e9bb390304be/p_themousetrap.jpeg', 'https://storage.kraken.io/ZBONL73pVgSYgrww7BGD/dd36636fdd06ef46ce1f6db22217862b/b_themousetrap.png', 'https://storage.kraken.io/ZBONL73pVgSYgrww7BGD/69c7d98a881ef03de9efe739dc24d32f/s_themousetrap.png', 'En el intrigante escenario de ''La Ratonera'' de Agatha Christie, los espectadores se sumergen en un misterio envolvente que se desarrolla en el pintoresco Molino Monkswell. La historia comienza cuando un grupo ecléctico de personajes se ve atrapado en una posada durante una tormenta de nieve, desencadenando una serie de eventos que revelan oscuros secretos y conexiones sorprendentes. La trama se teje con maestría, dejando que la sospecha recaiga sobre cada personaje mientras el misterio se desenvuelve. Con giros inesperados y un ingenioso desenlace, Agatha Christie cautiva a la audiencia con su habilidad para mantener en vilo hasta el último momento. ''La Ratonera'' se erige como un clásico del suspense, explorando la complejidad de la naturaleza humana y la imprevisibilidad de los secretos bien guardados, dejando a los espectadores absortos en la intriga y el suspenso hasta la última revelación.');

INSERT INTO Users (UserName, UserLastname, Email, Password, PhoneNumber, IsAdmin) VALUES
    ('Paula', 'Mateo', 'a26619@svalero.com', '1234', '123456789', 1),
    ('Paula', 'Mateo', 'paulamateob@gmail.com', 'prueba', '123456789', 0);
    
INSERT INTO Sessions (Hour, TotalSeats, Notes, ShowId, Title, Poster, Date) VALUES
    ('10:30', 60, 'Mañana', 1, 'El Fantasma de la Ópera', 'https://storage.kraken.io/ZBONL73pVgSYgrww7BGD/07ae39b53a3acdc8968c013078a84841/p_thephantomoftheopera.jpeg', '2024-03-18'),
    ('17:00', 60, 'Tarde', 1, 'El Fantasma de la Ópera', 'https://storage.kraken.io/ZBONL73pVgSYgrww7BGD/07ae39b53a3acdc8968c013078a84841/p_thephantomoftheopera.jpeg', '2024-03-18'),
    ('09:00', 60, 'Mañana', 2, 'Macbeth', 'https://storage.kraken.io/ZBONL73pVgSYgrww7BGD/ea5ad6e8925b91ef21b62088f648314a/p_macbeth.jpeg', '2024-03-22'),
    ('18:00', 60, 'Tarde', 2, 'Macbeth', 'https://storage.kraken.io/ZBONL73pVgSYgrww7BGD/ea5ad6e8925b91ef21b62088f648314a/p_macbeth.jpeg', '2024-03-22'),
    ('11:00', 60, 'Mañana', 3, 'Hamlet', 'https://storage.kraken.io/ZBONL73pVgSYgrww7BGD/9fbd3ea41e55810ca3336f994d0a48c6/p_hamlet.jpeg', '2024-03-26'),
    ('19:00', 60, 'Tarde', 3, 'Hamlet', 'https://storage.kraken.io/ZBONL73pVgSYgrww7BGD/9fbd3ea41e55810ca3336f994d0a48c6/p_hamlet.jpeg', '2024-03-26'),
    ('10:30', 60, 'Mañana', 4, 'El Cascanueces', 'https://storage.kraken.io/ZBONL73pVgSYgrww7BGD/00c2e3e17214c2efa70d280d78233cd4/p_thenutcracker.jpeg', '2024-03-30'),
    ('17:00', 60, 'Tarde', 4, 'El Cascanueces', 'https://storage.kraken.io/ZBONL73pVgSYgrww7BGD/00c2e3e17214c2efa70d280d78233cd4/p_thenutcracker.jpeg', '2024-03-30'),
    ('09:00', 60, 'Mañana', 5, 'Divina Comedia', 'https://storage.kraken.io/ZBONL73pVgSYgrww7BGD/1676a101744ff32be3d11e5fb3b8615b/p_thedivinecomedy.jpeg', '2024-04-06'),
    ('18:00', 60, 'Tarde', 5, 'Divina Comedia', 'https://storage.kraken.io/ZBONL73pVgSYgrww7BGD/1676a101744ff32be3d11e5fb3b8615b/p_thedivinecomedy.jpeg', '2024-04-06'),
    ('11:00', 60, 'Mañana', 6, 'Edipo Rey', 'https://storage.kraken.io/ZBONL73pVgSYgrww7BGD/5db151c70121f5c2f80eb198ebdbba0d/p_oedipustheking.jpeg', '2024-04-07'),
    ('19:00', 60, 'Tarde', 6, 'Edipo Rey', 'https://storage.kraken.io/ZBONL73pVgSYgrww7BGD/5db151c70121f5c2f80eb198ebdbba0d/p_oedipustheking.jpeg', '2024-04-07'),
    ('10:30', 60, 'Mañana', 7, 'Romeo y Julieta', 'https://storage.kraken.io/ZBONL73pVgSYgrww7BGD/acb9c14cc16797b00208ce227ee172f3/p_romeoandjuliet.jpeg', '2024-04-10'),
    ('17:00', 60, 'Tarde', 7, 'Romeo y Julieta', 'https://storage.kraken.io/ZBONL73pVgSYgrww7BGD/acb9c14cc16797b00208ce227ee172f3/p_romeoandjuliet.jpeg', '2024-04-10'),
    ('09:00', 60, 'Mañana', 8, 'Camelot', 'https://storage.kraken.io/ZBONL73pVgSYgrww7BGD/a46e3f593a2193f455774a22b1f54ce3/p_camelot.jpeg', '2024-04-13'),
    ('18:00', 60, 'Tarde', 8, 'Camelot', 'https://storage.kraken.io/ZBONL73pVgSYgrww7BGD/a46e3f593a2193f455774a22b1f54ce3/p_camelot.jpeg', '2024-04-13'),
    ('11:00', 60, 'Mañana', 9, 'Las Preciosas Ridículas', 'https://storage.kraken.io/ZBONL73pVgSYgrww7BGD/1e9abaa74edce8f90bb2261d89f4f96a/p_ladies.jpeg', '2024-04-18'),
    ('20:00', 60, 'Tarde', 9, 'Las Preciosas Ridículas', 'https://storage.kraken.io/ZBONL73pVgSYgrww7BGD/1e9abaa74edce8f90bb2261d89f4f96a/p_ladies.jpeg', '2024-04-18'),
    ('10:30', 60, 'Mañana', 10, 'La Celestina', 'https://storage.kraken.io/ZBONL73pVgSYgrww7BGD/406d4bad91ab911da6d7728f0f88d24f/p_lacelestina.jpeg', '2024-04-21'),
    ('21:00', 60, 'Tarde', 10, 'La Celestina', 'https://storage.kraken.io/ZBONL73pVgSYgrww7BGD/406d4bad91ab911da6d7728f0f88d24f/p_lacelestina.jpeg', '2024-04-21'),
    ('09:00', 60, 'Mañana', 11, 'Un Marido Ideal', 'https://storage.kraken.io/ZBONL73pVgSYgrww7BGD/dab8afc2e4fcd8df3b04255035f8db66/p_anidealhusband.jpeg', '2024-04-26'),
    ('17:00', 60, 'Tarde', 11, 'Un Marido Ideal', 'https://storage.kraken.io/ZBONL73pVgSYgrww7BGD/dab8afc2e4fcd8df3b04255035f8db66/p_anidealhusband.jpeg', '2024-04-26'),
    ('11:00', 60, 'Mañana', 12, 'La Ratonera', 'https://storage.kraken.io/ZBONL73pVgSYgrww7BGD/fc3a921c4ea328191548e9bb390304be/p_themousetrap.jpeg', '2024-05-04'),
    ('20:00', 60, 'Tarde', 12, 'La Ratonera', 'https://storage.kraken.io/ZBONL73pVgSYgrww7BGD/fc3a921c4ea328191548e9bb390304be/p_themousetrap.jpeg', '2024-05-04');